Title,Price,Rating,Colors,Size,Gender,timestamp
T-shirt 2,1634400.0,3.9,3,M,Women,2025-11-13T10:41:23.998110
Hoodie 3,7950080.0,4.8,3,L,Unisex,2025-11-13T10:41:23.998110
Pants 4,7476960.0,3.3,3,XL,Men,2025-11-13T10:41:23.998110
Outerwear 5,5145440.0,3.5,3,XXL,Women,2025-11-13T10:41:23.998110
Jacket 6,2453920.0,3.3,3,S,Unisex,2025-11-13T10:41:23.998110
Crewneck 7,6892000.0,4.3,3,M,Men,2025-11-13T10:41:23.998110
T-shirt 8,7802560.0,3.1,3,L,Women,2025-11-13T10:41:23.998110
Hoodie 9,3972160.0,3.2,3,XL,Unisex,2025-11-13T10:41:23.998110
Pants 10,3100160.0,4.2,3,XXL,Men,2025-11-13T10:41:24.000131
Jacket 12,8527840.0,3.9,3,M,Unisex,2025-11-13T10:41:24.000131
Crewneck 13,5447200.0,3.2,3,L,Men,2025-11-13T10:41:24.000131
T-shirt 14,3248800.0,3.8,3,XL,Women,2025-11-13T10:41:24.000131
Hoodie 15,2184160.0,3.6,3,XXL,Unisex,2025-11-13T10:41:24.000131
Outerwear 17,841600.0,3.8,3,M,Women,2025-11-13T10:41:24.002156
Jacket 18,5500000.0,3.8,3,L,Unisex,2025-11-13T10:41:24.002156
Crewneck 19,1308960.0,3.6,3,XL,Men,2025-11-13T10:41:24.002156
T-shirt 20,1325600.0,3.4,3,XXL,Women,2025-11-13T10:41:24.002156
T-shirt 2,1634400.0,3.9,3,M,Women,2025-11-13T10:41:27.860984
Hoodie 3,7950080.0,4.8,3,L,Unisex,2025-11-13T10:41:27.860984
Pants 4,7476960.0,3.3,3,XL,Men,2025-11-13T10:41:27.860984
Outerwear 5,5145440.0,3.5,3,XXL,Women,2025-11-13T10:41:27.860984
Jacket 6,2453920.0,3.3,3,S,Unisex,2025-11-13T10:41:27.860984
Crewneck 7,6892000.0,4.3,3,M,Men,2025-11-13T10:41:27.869286
T-shirt 8,7802560.0,3.1,3,L,Women,2025-11-13T10:41:27.869286
Hoodie 9,3972160.0,3.2,3,XL,Unisex,2025-11-13T10:41:27.869286
Pants 10,3100160.0,4.2,3,XXL,Men,2025-11-13T10:41:27.869286
Jacket 12,8527840.0,3.9,3,M,Unisex,2025-11-13T10:41:27.869286
Crewneck 13,5447200.0,3.2,3,L,Men,2025-11-13T10:41:27.869286
T-shirt 14,3248800.0,3.8,3,XL,Women,2025-11-13T10:41:27.869286
Hoodie 15,2184160.0,3.6,3,XXL,Unisex,2025-11-13T10:41:27.869286
Outerwear 17,841600.0,3.8,3,M,Women,2025-11-13T10:41:27.869286
Jacket 18,5500000.0,3.8,3,L,Unisex,2025-11-13T10:41:27.869286
Crewneck 19,1308960.0,3.6,3,XL,Men,2025-11-13T10:41:27.869286
T-shirt 20,1325600.0,3.4,3,XXL,Women,2025-11-13T10:41:27.869286
T-shirt 2,1634400.0,3.9,3,M,Women,2025-11-13T10:41:30.719004
Hoodie 3,7950080.0,4.8,3,L,Unisex,2025-11-13T10:41:30.719004
Pants 4,7476960.0,3.3,3,XL,Men,2025-11-13T10:41:30.719004
Outerwear 5,5145440.0,3.5,3,XXL,Women,2025-11-13T10:41:30.719004
Jacket 6,2453920.0,3.3,3,S,Unisex,2025-11-13T10:41:30.719004
Crewneck 7,6892000.0,4.3,3,M,Men,2025-11-13T10:41:30.719004
T-shirt 8,7802560.0,3.1,3,L,Women,2025-11-13T10:41:30.719004
Hoodie 9,3972160.0,3.2,3,XL,Unisex,2025-11-13T10:41:30.719004
Pants 10,3100160.0,4.2,3,XXL,Men,2025-11-13T10:41:30.719004
Jacket 12,8527840.0,3.9,3,M,Unisex,2025-11-13T10:41:30.719004
Crewneck 13,5447200.0,3.2,3,L,Men,2025-11-13T10:41:30.719004
T-shirt 14,3248800.0,3.8,3,XL,Women,2025-11-13T10:41:30.719004
Hoodie 15,2184160.0,3.6,3,XXL,Unisex,2025-11-13T10:41:30.719004
Outerwear 17,841600.0,3.8,3,M,Women,2025-11-13T10:41:30.727279
Jacket 18,5500000.0,3.8,3,L,Unisex,2025-11-13T10:41:30.727279
Crewneck 19,1308960.0,3.6,3,XL,Men,2025-11-13T10:41:30.727279
T-shirt 20,1325600.0,3.4,3,XXL,Women,2025-11-13T10:41:30.727279
T-shirt 2,1634400.0,3.9,3,M,Women,2025-11-13T10:41:34.419688
Hoodie 3,7950080.0,4.8,3,L,Unisex,2025-11-13T10:41:34.419688
Pants 4,7476960.0,3.3,3,XL,Men,2025-11-13T10:41:34.419688
Outerwear 5,5145440.0,3.5,3,XXL,Women,2025-11-13T10:41:34.419688
Jacket 6,2453920.0,3.3,3,S,Unisex,2025-11-13T10:41:34.419688
Crewneck 7,6892000.0,4.3,3,M,Men,2025-11-13T10:41:34.419688
T-shirt 8,7802560.0,3.1,3,L,Women,2025-11-13T10:41:34.419688
Hoodie 9,3972160.0,3.2,3,XL,Unisex,2025-11-13T10:41:34.419688
Pants 10,3100160.0,4.2,3,XXL,Men,2025-11-13T10:41:34.419688
Jacket 12,8527840.0,3.9,3,M,Unisex,2025-11-13T10:41:34.419688
Crewneck 13,5447200.0,3.2,3,L,Men,2025-11-13T10:41:34.419688
T-shirt 14,3248800.0,3.8,3,XL,Women,2025-11-13T10:41:34.427602
Hoodie 15,2184160.0,3.6,3,XXL,Unisex,2025-11-13T10:41:34.427602
Outerwear 17,841600.0,3.8,3,M,Women,2025-11-13T10:41:34.427602
Jacket 18,5500000.0,3.8,3,L,Unisex,2025-11-13T10:41:34.427602
Crewneck 19,1308960.0,3.6,3,XL,Men,2025-11-13T10:41:34.427602
T-shirt 20,1325600.0,3.4,3,XXL,Women,2025-11-13T10:41:34.427602
T-shirt 2,1634400.0,3.9,3,M,Women,2025-11-13T10:41:36.916272
Hoodie 3,7950080.0,4.8,3,L,Unisex,2025-11-13T10:41:36.916272
Pants 4,7476960.0,3.3,3,XL,Men,2025-11-13T10:41:36.916272
Outerwear 5,5145440.0,3.5,3,XXL,Women,2025-11-13T10:41:36.916272
Jacket 6,2453920.0,3.3,3,S,Unisex,2025-11-13T10:41:36.916272
Crewneck 7,6892000.0,4.3,3,M,Men,2025-11-13T10:41:36.916272
T-shirt 8,7802560.0,3.1,3,L,Women,2025-11-13T10:41:36.916272
Hoodie 9,3972160.0,3.2,3,XL,Unisex,2025-11-13T10:41:36.916272
Pants 10,3100160.0,4.2,3,XXL,Men,2025-11-13T10:41:36.916272
Jacket 12,8527840.0,3.9,3,M,Unisex,2025-11-13T10:41:36.916272
Crewneck 13,5447200.0,3.2,3,L,Men,2025-11-13T10:41:36.916272
T-shirt 14,3248800.0,3.8,3,XL,Women,2025-11-13T10:41:36.916272
Hoodie 15,2184160.0,3.6,3,XXL,Unisex,2025-11-13T10:41:36.916272
Outerwear 17,841600.0,3.8,3,M,Women,2025-11-13T10:41:36.916272
Jacket 18,5500000.0,3.8,3,L,Unisex,2025-11-13T10:41:36.916272
Crewneck 19,1308960.0,3.6,3,XL,Men,2025-11-13T10:41:36.916272
T-shirt 20,1325600.0,3.4,3,XXL,Women,2025-11-13T10:41:36.916272
T-shirt 2,1634400.0,3.9,3,M,Women,2025-11-13T10:41:39.161853
Hoodie 3,7950080.0,4.8,3,L,Unisex,2025-11-13T10:41:39.161853
Pants 4,7476960.0,3.3,3,XL,Men,2025-11-13T10:41:39.161853
Outerwear 5,5145440.0,3.5,3,XXL,Women,2025-11-13T10:41:39.161853
Jacket 6,2453920.0,3.3,3,S,Unisex,2025-11-13T10:41:39.161853
Crewneck 7,6892000.0,4.3,3,M,Men,2025-11-13T10:41:39.161853
T-shirt 8,7802560.0,3.1,3,L,Women,2025-11-13T10:41:39.161853
Hoodie 9,3972160.0,3.2,3,XL,Unisex,2025-11-13T10:41:39.161853
Pants 10,3100160.0,4.2,3,XXL,Men,2025-11-13T10:41:39.161853
Jacket 12,8527840.0,3.9,3,M,Unisex,2025-11-13T10:41:39.161853
Crewneck 13,5447200.0,3.2,3,L,Men,2025-11-13T10:41:39.161853
T-shirt 14,3248800.0,3.8,3,XL,Women,2025-11-13T10:41:39.161853
Hoodie 15,2184160.0,3.6,3,XXL,Unisex,2025-11-13T10:41:39.161853
Outerwear 17,841600.0,3.8,3,M,Women,2025-11-13T10:41:39.161853
Jacket 18,5500000.0,3.8,3,L,Unisex,2025-11-13T10:41:39.161853
Crewneck 19,1308960.0,3.6,3,XL,Men,2025-11-13T10:41:39.161853
T-shirt 20,1325600.0,3.4,3,XXL,Women,2025-11-13T10:41:39.161853
T-shirt 2,1634400.0,3.9,3,M,Women,2025-11-13T10:41:41.700372
Hoodie 3,7950080.0,4.8,3,L,Unisex,2025-11-13T10:41:41.700372
Pants 4,7476960.0,3.3,3,XL,Men,2025-11-13T10:41:41.700372
Outerwear 5,5145440.0,3.5,3,XXL,Women,2025-11-13T10:41:41.700372
Jacket 6,2453920.0,3.3,3,S,Unisex,2025-11-13T10:41:41.700372
Crewneck 7,6892000.0,4.3,3,M,Men,2025-11-13T10:41:41.700372
T-shirt 8,7802560.0,3.1,3,L,Women,2025-11-13T10:41:41.700372
Hoodie 9,3972160.0,3.2,3,XL,Unisex,2025-11-13T10:41:41.700372
Pants 10,3100160.0,4.2,3,XXL,Men,2025-11-13T10:41:41.700372
Jacket 12,8527840.0,3.9,3,M,Unisex,2025-11-13T10:41:41.700372
Crewneck 13,5447200.0,3.2,3,L,Men,2025-11-13T10:41:41.700372
T-shirt 14,3248800.0,3.8,3,XL,Women,2025-11-13T10:41:41.700372
Hoodie 15,2184160.0,3.6,3,XXL,Unisex,2025-11-13T10:41:41.700372
Outerwear 17,841600.0,3.8,3,M,Women,2025-11-13T10:41:41.700372
Jacket 18,5500000.0,3.8,3,L,Unisex,2025-11-13T10:41:41.700372
Crewneck 19,1308960.0,3.6,3,XL,Men,2025-11-13T10:41:41.700372
T-shirt 20,1325600.0,3.4,3,XXL,Women,2025-11-13T10:41:41.700372
T-shirt 2,1634400.0,3.9,3,M,Women,2025-11-13T10:41:45.178566
Hoodie 3,7950080.0,4.8,3,L,Unisex,2025-11-13T10:41:45.178566
Pants 4,7476960.0,3.3,3,XL,Men,2025-11-13T10:41:45.178566
Outerwear 5,5145440.0,3.5,3,XXL,Women,2025-11-13T10:41:45.180580
Jacket 6,2453920.0,3.3,3,S,Unisex,2025-11-13T10:41:45.180580
Crewneck 7,6892000.0,4.3,3,M,Men,2025-11-13T10:41:45.180580
T-shirt 8,7802560.0,3.1,3,L,Women,2025-11-13T10:41:45.180580
Hoodie 9,3972160.0,3.2,3,XL,Unisex,2025-11-13T10:41:45.180580
Pants 10,3100160.0,4.2,3,XXL,Men,2025-11-13T10:41:45.180580
Jacket 12,8527840.0,3.9,3,M,Unisex,2025-11-13T10:41:45.180580
Crewneck 13,5447200.0,3.2,3,L,Men,2025-11-13T10:41:45.182600
T-shirt 14,3248800.0,3.8,3,XL,Women,2025-11-13T10:41:45.182600
Hoodie 15,2184160.0,3.6,3,XXL,Unisex,2025-11-13T10:41:45.182600
Outerwear 17,841600.0,3.8,3,M,Women,2025-11-13T10:41:45.182600
Jacket 18,5500000.0,3.8,3,L,Unisex,2025-11-13T10:41:45.182600
Crewneck 19,1308960.0,3.6,3,XL,Men,2025-11-13T10:41:45.182600
T-shirt 20,1325600.0,3.4,3,XXL,Women,2025-11-13T10:41:45.184611
T-shirt 2,1634400.0,3.9,3,M,Women,2025-11-13T10:41:47.933544
Hoodie 3,7950080.0,4.8,3,L,Unisex,2025-11-13T10:41:47.933544
Pants 4,7476960.0,3.3,3,XL,Men,2025-11-13T10:41:47.933544
Outerwear 5,5145440.0,3.5,3,XXL,Women,2025-11-13T10:41:47.933544
Jacket 6,2453920.0,3.3,3,S,Unisex,2025-11-13T10:41:47.933544
Crewneck 7,6892000.0,4.3,3,M,Men,2025-11-13T10:41:47.933544
T-shirt 8,7802560.0,3.1,3,L,Women,2025-11-13T10:41:47.933544
Hoodie 9,3972160.0,3.2,3,XL,Unisex,2025-11-13T10:41:47.933544
Pants 10,3100160.0,4.2,3,XXL,Men,2025-11-13T10:41:47.933544
Jacket 12,8527840.0,3.9,3,M,Unisex,2025-11-13T10:41:47.933544
Crewneck 13,5447200.0,3.2,3,L,Men,2025-11-13T10:41:47.933544
T-shirt 14,3248800.0,3.8,3,XL,Women,2025-11-13T10:41:47.933544
Hoodie 15,2184160.0,3.6,3,XXL,Unisex,2025-11-13T10:41:47.933544
Outerwear 17,841600.0,3.8,3,M,Women,2025-11-13T10:41:47.933544
Jacket 18,5500000.0,3.8,3,L,Unisex,2025-11-13T10:41:47.933544
Crewneck 19,1308960.0,3.6,3,XL,Men,2025-11-13T10:41:47.933544
T-shirt 20,1325600.0,3.4,3,XXL,Women,2025-11-13T10:41:47.933544
T-shirt 2,1634400.0,3.9,3,M,Women,2025-11-13T10:41:50.938754
Hoodie 3,7950080.0,4.8,3,L,Unisex,2025-11-13T10:41:50.938754
Pants 4,7476960.0,3.3,3,XL,Men,2025-11-13T10:41:50.938754
Outerwear 5,5145440.0,3.5,3,XXL,Women,2025-11-13T10:41:50.938754
Jacket 6,2453920.0,3.3,3,S,Unisex,2025-11-13T10:41:50.938754
Crewneck 7,6892000.0,4.3,3,M,Men,2025-11-13T10:41:50.938754
T-shirt 8,7802560.0,3.1,3,L,Women,2025-11-13T10:41:50.938754
Hoodie 9,3972160.0,3.2,3,XL,Unisex,2025-11-13T10:41:50.938754
Pants 10,3100160.0,4.2,3,XXL,Men,2025-11-13T10:41:50.938754
Jacket 12,8527840.0,3.9,3,M,Unisex,2025-11-13T10:41:50.938754
Crewneck 13,5447200.0,3.2,3,L,Men,2025-11-13T10:41:50.938754
T-shirt 14,3248800.0,3.8,3,XL,Women,2025-11-13T10:41:50.938754
Hoodie 15,2184160.0,3.6,3,XXL,Unisex,2025-11-13T10:41:50.938754
Outerwear 17,841600.0,3.8,3,M,Women,2025-11-13T10:41:50.938754
Jacket 18,5500000.0,3.8,3,L,Unisex,2025-11-13T10:41:50.938754
Crewneck 19,1308960.0,3.6,3,XL,Men,2025-11-13T10:41:50.938754
T-shirt 20,1325600.0,3.4,3,XXL,Women,2025-11-13T10:41:50.938754
T-shirt 2,1634400.0,3.9,3,M,Women,2025-11-13T10:41:53.497120
Hoodie 3,7950080.0,4.8,3,L,Unisex,2025-11-13T10:41:53.497120
Pants 4,7476960.0,3.3,3,XL,Men,2025-11-13T10:41:53.497120
Outerwear 5,5145440.0,3.5,3,XXL,Women,2025-11-13T10:41:53.497120
Jacket 6,2453920.0,3.3,3,S,Unisex,2025-11-13T10:41:53.497120
Crewneck 7,6892000.0,4.3,3,M,Men,2025-11-13T10:41:53.497120
T-shirt 8,7802560.0,3.1,3,L,Women,2025-11-13T10:41:53.497120
Hoodie 9,3972160.0,3.2,3,XL,Unisex,2025-11-13T10:41:53.497120
Pants 10,3100160.0,4.2,3,XXL,Men,2025-11-13T10:41:53.497120
Jacket 12,8527840.0,3.9,3,M,Unisex,2025-11-13T10:41:53.497120
Crewneck 13,5447200.0,3.2,3,L,Men,2025-11-13T10:41:53.497120
T-shirt 14,3248800.0,3.8,3,XL,Women,2025-11-13T10:41:53.497120
Hoodie 15,2184160.0,3.6,3,XXL,Unisex,2025-11-13T10:41:53.497120
Outerwear 17,841600.0,3.8,3,M,Women,2025-11-13T10:41:53.497120
Jacket 18,5500000.0,3.8,3,L,Unisex,2025-11-13T10:41:53.497120
Crewneck 19,1308960.0,3.6,3,XL,Men,2025-11-13T10:41:53.497120
T-shirt 20,1325600.0,3.4,3,XXL,Women,2025-11-13T10:41:53.497120
T-shirt 2,1634400.0,3.9,3,M,Women,2025-11-13T10:41:57.344192
Hoodie 3,7950080.0,4.8,3,L,Unisex,2025-11-13T10:41:57.344192
Pants 4,7476960.0,3.3,3,XL,Men,2025-11-13T10:41:57.344192
Outerwear 5,5145440.0,3.5,3,XXL,Women,2025-11-13T10:41:57.344192
Jacket 6,2453920.0,3.3,3,S,Unisex,2025-11-13T10:41:57.344192
Crewneck 7,6892000.0,4.3,3,M,Men,2025-11-13T10:41:57.344192
T-shirt 8,7802560.0,3.1,3,L,Women,2025-11-13T10:41:57.344192
Hoodie 9,3972160.0,3.2,3,XL,Unisex,2025-11-13T10:41:57.344192
Pants 10,3100160.0,4.2,3,XXL,Men,2025-11-13T10:41:57.344192
Jacket 12,8527840.0,3.9,3,M,Unisex,2025-11-13T10:41:57.344192
Crewneck 13,5447200.0,3.2,3,L,Men,2025-11-13T10:41:57.344192
T-shirt 14,3248800.0,3.8,3,XL,Women,2025-11-13T10:41:57.344192
Hoodie 15,2184160.0,3.6,3,XXL,Unisex,2025-11-13T10:41:57.344192
Outerwear 17,841600.0,3.8,3,M,Women,2025-11-13T10:41:57.344192
Jacket 18,5500000.0,3.8,3,L,Unisex,2025-11-13T10:41:57.344192
Crewneck 19,1308960.0,3.6,3,XL,Men,2025-11-13T10:41:57.344192
T-shirt 20,1325600.0,3.4,3,XXL,Women,2025-11-13T10:41:57.344192
T-shirt 2,1634400.0,3.9,3,M,Women,2025-11-13T10:42:00.587215
Hoodie 3,7950080.0,4.8,3,L,Unisex,2025-11-13T10:42:00.587215
Pants 4,7476960.0,3.3,3,XL,Men,2025-11-13T10:42:00.587215
Outerwear 5,5145440.0,3.5,3,XXL,Women,2025-11-13T10:42:00.587215
Jacket 6,2453920.0,3.3,3,S,Unisex,2025-11-13T10:42:00.587215
Crewneck 7,6892000.0,4.3,3,M,Men,2025-11-13T10:42:00.587215
T-shirt 8,7802560.0,3.1,3,L,Women,2025-11-13T10:42:00.587215
Hoodie 9,3972160.0,3.2,3,XL,Unisex,2025-11-13T10:42:00.587215
Pants 10,3100160.0,4.2,3,XXL,Men,2025-11-13T10:42:00.587215
Jacket 12,8527840.0,3.9,3,M,Unisex,2025-11-13T10:42:00.587215
Crewneck 13,5447200.0,3.2,3,L,Men,2025-11-13T10:42:00.587215
T-shirt 14,3248800.0,3.8,3,XL,Women,2025-11-13T10:42:00.587215
Hoodie 15,2184160.0,3.6,3,XXL,Unisex,2025-11-13T10:42:00.587215
Outerwear 17,841600.0,3.8,3,M,Women,2025-11-13T10:42:00.587215
Jacket 18,5500000.0,3.8,3,L,Unisex,2025-11-13T10:42:00.587215
Crewneck 19,1308960.0,3.6,3,XL,Men,2025-11-13T10:42:00.587215
T-shirt 20,1325600.0,3.4,3,XXL,Women,2025-11-13T10:42:00.587215
T-shirt 2,1634400.0,3.9,3,M,Women,2025-11-13T10:42:04.593411
Hoodie 3,7950080.0,4.8,3,L,Unisex,2025-11-13T10:42:04.593411
Pants 4,7476960.0,3.3,3,XL,Men,2025-11-13T10:42:04.593411
Outerwear 5,5145440.0,3.5,3,XXL,Women,2025-11-13T10:42:04.593411
Jacket 6,2453920.0,3.3,3,S,Unisex,2025-11-13T10:42:04.593411
Crewneck 7,6892000.0,4.3,3,M,Men,2025-11-13T10:42:04.593411
T-shirt 8,7802560.0,3.1,3,L,Women,2025-11-13T10:42:04.593411
Hoodie 9,3972160.0,3.2,3,XL,Unisex,2025-11-13T10:42:04.593411
Pants 10,3100160.0,4.2,3,XXL,Men,2025-11-13T10:42:04.593411
Jacket 12,8527840.0,3.9,3,M,Unisex,2025-11-13T10:42:04.593411
Crewneck 13,5447200.0,3.2,3,L,Men,2025-11-13T10:42:04.593411
T-shirt 14,3248800.0,3.8,3,XL,Women,2025-11-13T10:42:04.593411
Hoodie 15,2184160.0,3.6,3,XXL,Unisex,2025-11-13T10:42:04.593411
Outerwear 17,841600.0,3.8,3,M,Women,2025-11-13T10:42:04.593411
Jacket 18,5500000.0,3.8,3,L,Unisex,2025-11-13T10:42:04.593411
Crewneck 19,1308960.0,3.6,3,XL,Men,2025-11-13T10:42:04.593411
T-shirt 20,1325600.0,3.4,3,XXL,Women,2025-11-13T10:42:04.593411
T-shirt 2,1634400.0,3.9,3,M,Women,2025-11-13T10:42:08.525725
Hoodie 3,7950080.0,4.8,3,L,Unisex,2025-11-13T10:42:08.525725
Pants 4,7476960.0,3.3,3,XL,Men,2025-11-13T10:42:08.525725
Outerwear 5,5145440.0,3.5,3,XXL,Women,2025-11-13T10:42:08.525725
Jacket 6,2453920.0,3.3,3,S,Unisex,2025-11-13T10:42:08.525725
Crewneck 7,6892000.0,4.3,3,M,Men,2025-11-13T10:42:08.525725
T-shirt 8,7802560.0,3.1,3,L,Women,2025-11-13T10:42:08.525725
Hoodie 9,3972160.0,3.2,3,XL,Unisex,2025-11-13T10:42:08.525725
Pants 10,3100160.0,4.2,3,XXL,Men,2025-11-13T10:42:08.525725
Jacket 12,8527840.0,3.9,3,M,Unisex,2025-11-13T10:42:08.525725
Crewneck 13,5447200.0,3.2,3,L,Men,2025-11-13T10:42:08.525725
T-shirt 14,3248800.0,3.8,3,XL,Women,2025-11-13T10:42:08.525725
Hoodie 15,2184160.0,3.6,3,XXL,Unisex,2025-11-13T10:42:08.525725
Outerwear 17,841600.0,3.8,3,M,Women,2025-11-13T10:42:08.525725
Jacket 18,5500000.0,3.8,3,L,Unisex,2025-11-13T10:42:08.525725
Crewneck 19,1308960.0,3.6,3,XL,Men,2025-11-13T10:42:08.525725
T-shirt 20,1325600.0,3.4,3,XXL,Women,2025-11-13T10:42:08.525725
T-shirt 2,1634400.0,3.9,3,M,Women,2025-11-13T10:42:10.819732
Hoodie 3,7950080.0,4.8,3,L,Unisex,2025-11-13T10:42:10.819732
Pants 4,7476960.0,3.3,3,XL,Men,2025-11-13T10:42:10.819732
Outerwear 5,5145440.0,3.5,3,XXL,Women,2025-11-13T10:42:10.819732
Jacket 6,2453920.0,3.3,3,S,Unisex,2025-11-13T10:42:10.819732
Crewneck 7,6892000.0,4.3,3,M,Men,2025-11-13T10:42:10.819732
T-shirt 8,7802560.0,3.1,3,L,Women,2025-11-13T10:42:10.819732
Hoodie 9,3972160.0,3.2,3,XL,Unisex,2025-11-13T10:42:10.819732
Pants 10,3100160.0,4.2,3,XXL,Men,2025-11-13T10:42:10.819732
Jacket 12,8527840.0,3.9,3,M,Unisex,2025-11-13T10:42:10.819732
Crewneck 13,5447200.0,3.2,3,L,Men,2025-11-13T10:42:10.819732
T-shirt 14,3248800.0,3.8,3,XL,Women,2025-11-13T10:42:10.819732
Hoodie 15,2184160.0,3.6,3,XXL,Unisex,2025-11-13T10:42:10.819732
Outerwear 17,841600.0,3.8,3,M,Women,2025-11-13T10:42:10.819732
Jacket 18,5500000.0,3.8,3,L,Unisex,2025-11-13T10:42:10.819732
Crewneck 19,1308960.0,3.6,3,XL,Men,2025-11-13T10:42:10.819732
T-shirt 20,1325600.0,3.4,3,XXL,Women,2025-11-13T10:42:10.819732
T-shirt 2,1634400.0,3.9,3,M,Women,2025-11-13T10:42:14.623786
Hoodie 3,7950080.0,4.8,3,L,Unisex,2025-11-13T10:42:14.623786
Pants 4,7476960.0,3.3,3,XL,Men,2025-11-13T10:42:14.623786
Outerwear 5,5145440.0,3.5,3,XXL,Women,2025-11-13T10:42:14.623786
Jacket 6,2453920.0,3.3,3,S,Unisex,2025-11-13T10:42:14.623786
Crewneck 7,6892000.0,4.3,3,M,Men,2025-11-13T10:42:14.623786
T-shirt 8,7802560.0,3.1,3,L,Women,2025-11-13T10:42:14.623786
Hoodie 9,3972160.0,3.2,3,XL,Unisex,2025-11-13T10:42:14.623786
Pants 10,3100160.0,4.2,3,XXL,Men,2025-11-13T10:42:14.623786
Jacket 12,8527840.0,3.9,3,M,Unisex,2025-11-13T10:42:14.623786
Crewneck 13,5447200.0,3.2,3,L,Men,2025-11-13T10:42:14.623786
T-shirt 14,3248800.0,3.8,3,XL,Women,2025-11-13T10:42:14.623786
Hoodie 15,2184160.0,3.6,3,XXL,Unisex,2025-11-13T10:42:14.623786
Outerwear 17,841600.0,3.8,3,M,Women,2025-11-13T10:42:14.623786
Jacket 18,5500000.0,3.8,3,L,Unisex,2025-11-13T10:42:14.623786
Crewneck 19,1308960.0,3.6,3,XL,Men,2025-11-13T10:42:14.623786
T-shirt 20,1325600.0,3.4,3,XXL,Women,2025-11-13T10:42:14.623786
T-shirt 2,1634400.0,3.9,3,M,Women,2025-11-13T10:42:17.589854
Hoodie 3,7950080.0,4.8,3,L,Unisex,2025-11-13T10:42:17.589854
Pants 4,7476960.0,3.3,3,XL,Men,2025-11-13T10:42:17.589854
Outerwear 5,5145440.0,3.5,3,XXL,Women,2025-11-13T10:42:17.589854
Jacket 6,2453920.0,3.3,3,S,Unisex,2025-11-13T10:42:17.589854
Crewneck 7,6892000.0,4.3,3,M,Men,2025-11-13T10:42:17.589854
T-shirt 8,7802560.0,3.1,3,L,Women,2025-11-13T10:42:17.589854
Hoodie 9,3972160.0,3.2,3,XL,Unisex,2025-11-13T10:42:17.589854
Pants 10,3100160.0,4.2,3,XXL,Men,2025-11-13T10:42:17.589854
Jacket 12,8527840.0,3.9,3,M,Unisex,2025-11-13T10:42:17.589854
Crewneck 13,5447200.0,3.2,3,L,Men,2025-11-13T10:42:17.589854
T-shirt 14,3248800.0,3.8,3,XL,Women,2025-11-13T10:42:17.589854
Hoodie 15,2184160.0,3.6,3,XXL,Unisex,2025-11-13T10:42:17.589854
Outerwear 17,841600.0,3.8,3,M,Women,2025-11-13T10:42:17.589854
Jacket 18,5500000.0,3.8,3,L,Unisex,2025-11-13T10:42:17.589854
Crewneck 19,1308960.0,3.6,3,XL,Men,2025-11-13T10:42:17.589854
T-shirt 20,1325600.0,3.4,3,XXL,Women,2025-11-13T10:42:17.589854
T-shirt 2,1634400.0,3.9,3,M,Women,2025-11-13T10:42:20.722416
Hoodie 3,7950080.0,4.8,3,L,Unisex,2025-11-13T10:42:20.722416
Pants 4,7476960.0,3.3,3,XL,Men,2025-11-13T10:42:20.722416
Outerwear 5,5145440.0,3.5,3,XXL,Women,2025-11-13T10:42:20.722416
Jacket 6,2453920.0,3.3,3,S,Unisex,2025-11-13T10:42:20.722416
Crewneck 7,6892000.0,4.3,3,M,Men,2025-11-13T10:42:20.722416
T-shirt 8,7802560.0,3.1,3,L,Women,2025-11-13T10:42:20.724433
Hoodie 9,3972160.0,3.2,3,XL,Unisex,2025-11-13T10:42:20.724433
Pants 10,3100160.0,4.2,3,XXL,Men,2025-11-13T10:42:20.724433
Jacket 12,8527840.0,3.9,3,M,Unisex,2025-11-13T10:42:20.726450
Crewneck 13,5447200.0,3.2,3,L,Men,2025-11-13T10:42:20.726450
T-shirt 14,3248800.0,3.8,3,XL,Women,2025-11-13T10:42:20.726450
Hoodie 15,2184160.0,3.6,3,XXL,Unisex,2025-11-13T10:42:20.726450
Outerwear 17,841600.0,3.8,3,M,Women,2025-11-13T10:42:20.728465
Jacket 18,5500000.0,3.8,3,L,Unisex,2025-11-13T10:42:20.728465
Crewneck 19,1308960.0,3.6,3,XL,Men,2025-11-13T10:42:20.728465
T-shirt 20,1325600.0,3.4,3,XXL,Women,2025-11-13T10:42:20.728465
T-shirt 2,1634400.0,3.9,3,M,Women,2025-11-13T10:42:24.659460
Hoodie 3,7950080.0,4.8,3,L,Unisex,2025-11-13T10:42:24.659460
Pants 4,7476960.0,3.3,3,XL,Men,2025-11-13T10:42:24.659460
Outerwear 5,5145440.0,3.5,3,XXL,Women,2025-11-13T10:42:24.659460
Jacket 6,2453920.0,3.3,3,S,Unisex,2025-11-13T10:42:24.659460
Crewneck 7,6892000.0,4.3,3,M,Men,2025-11-13T10:42:24.659460
T-shirt 8,7802560.0,3.1,3,L,Women,2025-11-13T10:42:24.661476
Hoodie 9,3972160.0,3.2,3,XL,Unisex,2025-11-13T10:42:24.661476
Pants 10,3100160.0,4.2,3,XXL,Men,2025-11-13T10:42:24.661476
Jacket 12,8527840.0,3.9,3,M,Unisex,2025-11-13T10:42:24.661476
Crewneck 13,5447200.0,3.2,3,L,Men,2025-11-13T10:42:24.661476
T-shirt 14,3248800.0,3.8,3,XL,Women,2025-11-13T10:42:24.661476
Hoodie 15,2184160.0,3.6,3,XXL,Unisex,2025-11-13T10:42:24.661476
Outerwear 17,841600.0,3.8,3,M,Women,2025-11-13T10:42:24.663499
Jacket 18,5500000.0,3.8,3,L,Unisex,2025-11-13T10:42:24.663499
Crewneck 19,1308960.0,3.6,3,XL,Men,2025-11-13T10:42:24.663499
T-shirt 20,1325600.0,3.4,3,XXL,Women,2025-11-13T10:42:24.663499
T-shirt 2,1634400.0,3.9,3,M,Women,2025-11-13T10:42:28.282481
Hoodie 3,7950080.0,4.8,3,L,Unisex,2025-11-13T10:42:28.290541
Pants 4,7476960.0,3.3,3,XL,Men,2025-11-13T10:42:28.290857
Outerwear 5,5145440.0,3.5,3,XXL,Women,2025-11-13T10:42:28.290857
Jacket 6,2453920.0,3.3,3,S,Unisex,2025-11-13T10:42:28.290857
Crewneck 7,6892000.0,4.3,3,M,Men,2025-11-13T10:42:28.290857
T-shirt 8,7802560.0,3.1,3,L,Women,2025-11-13T10:42:28.290857
Hoodie 9,3972160.0,3.2,3,XL,Unisex,2025-11-13T10:42:28.290857
Pants 10,3100160.0,4.2,3,XXL,Men,2025-11-13T10:42:28.290857
Jacket 12,8527840.0,3.9,3,M,Unisex,2025-11-13T10:42:28.290857
Crewneck 13,5447200.0,3.2,3,L,Men,2025-11-13T10:42:28.290857
T-shirt 14,3248800.0,3.8,3,XL,Women,2025-11-13T10:42:28.290857
Hoodie 15,2184160.0,3.6,3,XXL,Unisex,2025-11-13T10:42:28.290857
Outerwear 17,841600.0,3.8,3,M,Women,2025-11-13T10:42:28.290857
Jacket 18,5500000.0,3.8,3,L,Unisex,2025-11-13T10:42:28.290857
Crewneck 19,1308960.0,3.6,3,XL,Men,2025-11-13T10:42:28.290857
T-shirt 20,1325600.0,3.4,3,XXL,Women,2025-11-13T10:42:28.290857
T-shirt 2,1634400.0,3.9,3,M,Women,2025-11-13T10:42:30.848516
Hoodie 3,7950080.0,4.8,3,L,Unisex,2025-11-13T10:42:30.848516
Pants 4,7476960.0,3.3,3,XL,Men,2025-11-13T10:42:30.848516
Outerwear 5,5145440.0,3.5,3,XXL,Women,2025-11-13T10:42:30.848516
Jacket 6,2453920.0,3.3,3,S,Unisex,2025-11-13T10:42:30.848516
Crewneck 7,6892000.0,4.3,3,M,Men,2025-11-13T10:42:30.848516
T-shirt 8,7802560.0,3.1,3,L,Women,2025-11-13T10:42:30.848516
Hoodie 9,3972160.0,3.2,3,XL,Unisex,2025-11-13T10:42:30.848516
Pants 10,3100160.0,4.2,3,XXL,Men,2025-11-13T10:42:30.848516
Jacket 12,8527840.0,3.9,3,M,Unisex,2025-11-13T10:42:30.848516
Crewneck 13,5447200.0,3.2,3,L,Men,2025-11-13T10:42:30.848516
T-shirt 14,3248800.0,3.8,3,XL,Women,2025-11-13T10:42:30.848516
Hoodie 15,2184160.0,3.6,3,XXL,Unisex,2025-11-13T10:42:30.848516
Outerwear 17,841600.0,3.8,3,M,Women,2025-11-13T10:42:30.848516
Jacket 18,5500000.0,3.8,3,L,Unisex,2025-11-13T10:42:30.848516
Crewneck 19,1308960.0,3.6,3,XL,Men,2025-11-13T10:42:30.848516
T-shirt 20,1325600.0,3.4,3,XXL,Women,2025-11-13T10:42:30.848516
T-shirt 2,1634400.0,3.9,3,M,Women,2025-11-13T10:42:34.721722
Hoodie 3,7950080.0,4.8,3,L,Unisex,2025-11-13T10:42:34.721722
Pants 4,7476960.0,3.3,3,XL,Men,2025-11-13T10:42:34.721722
Outerwear 5,5145440.0,3.5,3,XXL,Women,2025-11-13T10:42:34.721722
Jacket 6,2453920.0,3.3,3,S,Unisex,2025-11-13T10:42:34.721722
Crewneck 7,6892000.0,4.3,3,M,Men,2025-11-13T10:42:34.721722
T-shirt 8,7802560.0,3.1,3,L,Women,2025-11-13T10:42:34.721722
Hoodie 9,3972160.0,3.2,3,XL,Unisex,2025-11-13T10:42:34.721722
Pants 10,3100160.0,4.2,3,XXL,Men,2025-11-13T10:42:34.721722
Jacket 12,8527840.0,3.9,3,M,Unisex,2025-11-13T10:42:34.721722
Crewneck 13,5447200.0,3.2,3,L,Men,2025-11-13T10:42:34.721722
T-shirt 14,3248800.0,3.8,3,XL,Women,2025-11-13T10:42:34.721722
Hoodie 15,2184160.0,3.6,3,XXL,Unisex,2025-11-13T10:42:34.730094
Outerwear 17,841600.0,3.8,3,M,Women,2025-11-13T10:42:34.730094
Jacket 18,5500000.0,3.8,3,L,Unisex,2025-11-13T10:42:34.730094
Crewneck 19,1308960.0,3.6,3,XL,Men,2025-11-13T10:42:34.731607
T-shirt 20,1325600.0,3.4,3,XXL,Women,2025-11-13T10:42:34.731607
T-shirt 2,1634400.0,3.9,3,M,Women,2025-11-13T10:42:38.216453
Hoodie 3,7950080.0,4.8,3,L,Unisex,2025-11-13T10:42:38.216453
Pants 4,7476960.0,3.3,3,XL,Men,2025-11-13T10:42:38.216453
Outerwear 5,5145440.0,3.5,3,XXL,Women,2025-11-13T10:42:38.216453
Jacket 6,2453920.0,3.3,3,S,Unisex,2025-11-13T10:42:38.216453
Crewneck 7,6892000.0,4.3,3,M,Men,2025-11-13T10:42:38.216453
T-shirt 8,7802560.0,3.1,3,L,Women,2025-11-13T10:42:38.216453
Hoodie 9,3972160.0,3.2,3,XL,Unisex,2025-11-13T10:42:38.216453
Pants 10,3100160.0,4.2,3,XXL,Men,2025-11-13T10:42:38.216453
Jacket 12,8527840.0,3.9,3,M,Unisex,2025-11-13T10:42:38.216453
Crewneck 13,5447200.0,3.2,3,L,Men,2025-11-13T10:42:38.216453
T-shirt 14,3248800.0,3.8,3,XL,Women,2025-11-13T10:42:38.216453
Hoodie 15,2184160.0,3.6,3,XXL,Unisex,2025-11-13T10:42:38.216453
Outerwear 17,841600.0,3.8,3,M,Women,2025-11-13T10:42:38.216453
Jacket 18,5500000.0,3.8,3,L,Unisex,2025-11-13T10:42:38.216453
Crewneck 19,1308960.0,3.6,3,XL,Men,2025-11-13T10:42:38.216453
T-shirt 20,1325600.0,3.4,3,XXL,Women,2025-11-13T10:42:38.216453
T-shirt 2,1634400.0,3.9,3,M,Women,2025-11-13T10:42:40.727345
Hoodie 3,7950080.0,4.8,3,L,Unisex,2025-11-13T10:42:40.727345
Pants 4,7476960.0,3.3,3,XL,Men,2025-11-13T10:42:40.727345
Outerwear 5,5145440.0,3.5,3,XXL,Women,2025-11-13T10:42:40.727345
Jacket 6,2453920.0,3.3,3,S,Unisex,2025-11-13T10:42:40.727345
Crewneck 7,6892000.0,4.3,3,M,Men,2025-11-13T10:42:40.727345
T-shirt 8,7802560.0,3.1,3,L,Women,2025-11-13T10:42:40.727345
Hoodie 9,3972160.0,3.2,3,XL,Unisex,2025-11-13T10:42:40.727345
Pants 10,3100160.0,4.2,3,XXL,Men,2025-11-13T10:42:40.727345
Jacket 12,8527840.0,3.9,3,M,Unisex,2025-11-13T10:42:40.727345
Crewneck 13,5447200.0,3.2,3,L,Men,2025-11-13T10:42:40.727345
T-shirt 14,3248800.0,3.8,3,XL,Women,2025-11-13T10:42:40.727345
Hoodie 15,2184160.0,3.6,3,XXL,Unisex,2025-11-13T10:42:40.727345
Outerwear 17,841600.0,3.8,3,M,Women,2025-11-13T10:42:40.727345
Jacket 18,5500000.0,3.8,3,L,Unisex,2025-11-13T10:42:40.727345
Crewneck 19,1308960.0,3.6,3,XL,Men,2025-11-13T10:42:40.727345
T-shirt 20,1325600.0,3.4,3,XXL,Women,2025-11-13T10:42:40.727345
T-shirt 2,1634400.0,3.9,3,M,Women,2025-11-13T10:42:44.758391
Hoodie 3,7950080.0,4.8,3,L,Unisex,2025-11-13T10:42:44.758391
Pants 4,7476960.0,3.3,3,XL,Men,2025-11-13T10:42:44.758391
Outerwear 5,5145440.0,3.5,3,XXL,Women,2025-11-13T10:42:44.758391
Jacket 6,2453920.0,3.3,3,S,Unisex,2025-11-13T10:42:44.758391
Crewneck 7,6892000.0,4.3,3,M,Men,2025-11-13T10:42:44.758391
T-shirt 8,7802560.0,3.1,3,L,Women,2025-11-13T10:42:44.758391
Hoodie 9,3972160.0,3.2,3,XL,Unisex,2025-11-13T10:42:44.758391
Pants 10,3100160.0,4.2,3,XXL,Men,2025-11-13T10:42:44.758391
Jacket 12,8527840.0,3.9,3,M,Unisex,2025-11-13T10:42:44.760404
Crewneck 13,5447200.0,3.2,3,L,Men,2025-11-13T10:42:44.760404
T-shirt 14,3248800.0,3.8,3,XL,Women,2025-11-13T10:42:44.760404
Hoodie 15,2184160.0,3.6,3,XXL,Unisex,2025-11-13T10:42:44.760404
Outerwear 17,841600.0,3.8,3,M,Women,2025-11-13T10:42:44.760404
Jacket 18,5500000.0,3.8,3,L,Unisex,2025-11-13T10:42:44.760404
Crewneck 19,1308960.0,3.6,3,XL,Men,2025-11-13T10:42:44.760404
T-shirt 20,1325600.0,3.4,3,XXL,Women,2025-11-13T10:42:44.760404
T-shirt 2,1634400.0,3.9,3,M,Women,2025-11-13T10:42:48.238721
Hoodie 3,7950080.0,4.8,3,L,Unisex,2025-11-13T10:42:48.238721
Pants 4,7476960.0,3.3,3,XL,Men,2025-11-13T10:42:48.238721
Outerwear 5,5145440.0,3.5,3,XXL,Women,2025-11-13T10:42:48.238721
Jacket 6,2453920.0,3.3,3,S,Unisex,2025-11-13T10:42:48.238721
Crewneck 7,6892000.0,4.3,3,M,Men,2025-11-13T10:42:48.238721
T-shirt 8,7802560.0,3.1,3,L,Women,2025-11-13T10:42:48.238721
Hoodie 9,3972160.0,3.2,3,XL,Unisex,2025-11-13T10:42:48.238721
Pants 10,3100160.0,4.2,3,XXL,Men,2025-11-13T10:42:48.238721
Jacket 12,8527840.0,3.9,3,M,Unisex,2025-11-13T10:42:48.238721
Crewneck 13,5447200.0,3.2,3,L,Men,2025-11-13T10:42:48.238721
T-shirt 14,3248800.0,3.8,3,XL,Women,2025-11-13T10:42:48.238721
Hoodie 15,2184160.0,3.6,3,XXL,Unisex,2025-11-13T10:42:48.238721
Outerwear 17,841600.0,3.8,3,M,Women,2025-11-13T10:42:48.238721
Jacket 18,5500000.0,3.8,3,L,Unisex,2025-11-13T10:42:48.238721
Crewneck 19,1308960.0,3.6,3,XL,Men,2025-11-13T10:42:48.238721
T-shirt 20,1325600.0,3.4,3,XXL,Women,2025-11-13T10:42:48.238721
T-shirt 2,1634400.0,3.9,3,M,Women,2025-11-13T10:42:52.767683
Hoodie 3,7950080.0,4.8,3,L,Unisex,2025-11-13T10:42:52.767683
Pants 4,7476960.0,3.3,3,XL,Men,2025-11-13T10:42:52.767683
Outerwear 5,5145440.0,3.5,3,XXL,Women,2025-11-13T10:42:52.767683
Jacket 6,2453920.0,3.3,3,S,Unisex,2025-11-13T10:42:52.767683
Crewneck 7,6892000.0,4.3,3,M,Men,2025-11-13T10:42:52.767683
T-shirt 8,7802560.0,3.1,3,L,Women,2025-11-13T10:42:52.767683
Hoodie 9,3972160.0,3.2,3,XL,Unisex,2025-11-13T10:42:52.767683
Pants 10,3100160.0,4.2,3,XXL,Men,2025-11-13T10:42:52.767683
Jacket 12,8527840.0,3.9,3,M,Unisex,2025-11-13T10:42:52.767683
Crewneck 13,5447200.0,3.2,3,L,Men,2025-11-13T10:42:52.767683
T-shirt 14,3248800.0,3.8,3,XL,Women,2025-11-13T10:42:52.767683
Hoodie 15,2184160.0,3.6,3,XXL,Unisex,2025-11-13T10:42:52.767683
Outerwear 17,841600.0,3.8,3,M,Women,2025-11-13T10:42:52.767683
Jacket 18,5500000.0,3.8,3,L,Unisex,2025-11-13T10:42:52.767683
Crewneck 19,1308960.0,3.6,3,XL,Men,2025-11-13T10:42:52.767683
T-shirt 20,1325600.0,3.4,3,XXL,Women,2025-11-13T10:42:52.767683
T-shirt 2,1634400.0,3.9,3,M,Women,2025-11-13T10:42:55.927232
Hoodie 3,7950080.0,4.8,3,L,Unisex,2025-11-13T10:42:55.927232
Pants 4,7476960.0,3.3,3,XL,Men,2025-11-13T10:42:55.929246
Outerwear 5,5145440.0,3.5,3,XXL,Women,2025-11-13T10:42:55.929246
Jacket 6,2453920.0,3.3,3,S,Unisex,2025-11-13T10:42:55.929246
Crewneck 7,6892000.0,4.3,3,M,Men,2025-11-13T10:42:55.929246
T-shirt 8,7802560.0,3.1,3,L,Women,2025-11-13T10:42:55.929246
Hoodie 9,3972160.0,3.2,3,XL,Unisex,2025-11-13T10:42:55.929246
Pants 10,3100160.0,4.2,3,XXL,Men,2025-11-13T10:42:55.931267
Jacket 12,8527840.0,3.9,3,M,Unisex,2025-11-13T10:42:55.931267
Crewneck 13,5447200.0,3.2,3,L,Men,2025-11-13T10:42:55.931267
T-shirt 14,3248800.0,3.8,3,XL,Women,2025-11-13T10:42:55.931267
Hoodie 15,2184160.0,3.6,3,XXL,Unisex,2025-11-13T10:42:55.932783
Outerwear 17,841600.0,3.8,3,M,Women,2025-11-13T10:42:55.932783
Jacket 18,5500000.0,3.8,3,L,Unisex,2025-11-13T10:42:55.932783
Crewneck 19,1308960.0,3.6,3,XL,Men,2025-11-13T10:42:55.932783
T-shirt 20,1325600.0,3.4,3,XXL,Women,2025-11-13T10:42:55.932783
T-shirt 2,1634400.0,3.9,3,M,Women,2025-11-13T10:42:59.347735
Hoodie 3,7950080.0,4.8,3,L,Unisex,2025-11-13T10:42:59.347735
Pants 4,7476960.0,3.3,3,XL,Men,2025-11-13T10:42:59.347735
Outerwear 5,5145440.0,3.5,3,XXL,Women,2025-11-13T10:42:59.347735
Jacket 6,2453920.0,3.3,3,S,Unisex,2025-11-13T10:42:59.347735
Crewneck 7,6892000.0,4.3,3,M,Men,2025-11-13T10:42:59.347735
T-shirt 8,7802560.0,3.1,3,L,Women,2025-11-13T10:42:59.347735
Hoodie 9,3972160.0,3.2,3,XL,Unisex,2025-11-13T10:42:59.347735
Pants 10,3100160.0,4.2,3,XXL,Men,2025-11-13T10:42:59.347735
Jacket 12,8527840.0,3.9,3,M,Unisex,2025-11-13T10:42:59.355273
Crewneck 13,5447200.0,3.2,3,L,Men,2025-11-13T10:42:59.355273
T-shirt 14,3248800.0,3.8,3,XL,Women,2025-11-13T10:42:59.355273
Hoodie 15,2184160.0,3.6,3,XXL,Unisex,2025-11-13T10:42:59.355273
Outerwear 17,841600.0,3.8,3,M,Women,2025-11-13T10:42:59.355273
Jacket 18,5500000.0,3.8,3,L,Unisex,2025-11-13T10:42:59.355273
Crewneck 19,1308960.0,3.6,3,XL,Men,2025-11-13T10:42:59.355273
T-shirt 20,1325600.0,3.4,3,XXL,Women,2025-11-13T10:42:59.355273
T-shirt 2,1634400.0,3.9,3,M,Women,2025-11-13T10:43:02.691964
Hoodie 3,7950080.0,4.8,3,L,Unisex,2025-11-13T10:43:02.691964
Pants 4,7476960.0,3.3,3,XL,Men,2025-11-13T10:43:02.691964
Outerwear 5,5145440.0,3.5,3,XXL,Women,2025-11-13T10:43:02.691964
Jacket 6,2453920.0,3.3,3,S,Unisex,2025-11-13T10:43:02.691964
Crewneck 7,6892000.0,4.3,3,M,Men,2025-11-13T10:43:02.691964
T-shirt 8,7802560.0,3.1,3,L,Women,2025-11-13T10:43:02.691964
Hoodie 9,3972160.0,3.2,3,XL,Unisex,2025-11-13T10:43:02.691964
Pants 10,3100160.0,4.2,3,XXL,Men,2025-11-13T10:43:02.691964
Jacket 12,8527840.0,3.9,3,M,Unisex,2025-11-13T10:43:02.691964
Crewneck 13,5447200.0,3.2,3,L,Men,2025-11-13T10:43:02.691964
T-shirt 14,3248800.0,3.8,3,XL,Women,2025-11-13T10:43:02.691964
Hoodie 15,2184160.0,3.6,3,XXL,Unisex,2025-11-13T10:43:02.691964
Outerwear 17,841600.0,3.8,3,M,Women,2025-11-13T10:43:02.691964
Jacket 18,5500000.0,3.8,3,L,Unisex,2025-11-13T10:43:02.691964
Crewneck 19,1308960.0,3.6,3,XL,Men,2025-11-13T10:43:02.691964
T-shirt 20,1325600.0,3.4,3,XXL,Women,2025-11-13T10:43:02.691964
T-shirt 2,1634400.0,3.9,3,M,Women,2025-11-13T10:43:06.859560
Hoodie 3,7950080.0,4.8,3,L,Unisex,2025-11-13T10:43:06.859560
Pants 4,7476960.0,3.3,3,XL,Men,2025-11-13T10:43:06.859560
Outerwear 5,5145440.0,3.5,3,XXL,Women,2025-11-13T10:43:06.859560
Jacket 6,2453920.0,3.3,3,S,Unisex,2025-11-13T10:43:06.859560
Crewneck 7,6892000.0,4.3,3,M,Men,2025-11-13T10:43:06.863107
T-shirt 8,7802560.0,3.1,3,L,Women,2025-11-13T10:43:06.863107
Hoodie 9,3972160.0,3.2,3,XL,Unisex,2025-11-13T10:43:06.863107
Pants 10,3100160.0,4.2,3,XXL,Men,2025-11-13T10:43:06.863107
Jacket 12,8527840.0,3.9,3,M,Unisex,2025-11-13T10:43:06.863107
Crewneck 13,5447200.0,3.2,3,L,Men,2025-11-13T10:43:06.863107
T-shirt 14,3248800.0,3.8,3,XL,Women,2025-11-13T10:43:06.863107
Hoodie 15,2184160.0,3.6,3,XXL,Unisex,2025-11-13T10:43:06.863107
Outerwear 17,841600.0,3.8,3,M,Women,2025-11-13T10:43:06.863107
Jacket 18,5500000.0,3.8,3,L,Unisex,2025-11-13T10:43:06.863107
Crewneck 19,1308960.0,3.6,3,XL,Men,2025-11-13T10:43:06.863107
T-shirt 20,1325600.0,3.4,3,XXL,Women,2025-11-13T10:43:06.863107
T-shirt 2,1634400.0,3.9,3,M,Women,2025-11-13T10:43:10.823742
Hoodie 3,7950080.0,4.8,3,L,Unisex,2025-11-13T10:43:10.823742
Pants 4,7476960.0,3.3,3,XL,Men,2025-11-13T10:43:10.823742
Outerwear 5,5145440.0,3.5,3,XXL,Women,2025-11-13T10:43:10.823742
Jacket 6,2453920.0,3.3,3,S,Unisex,2025-11-13T10:43:10.823742
Crewneck 7,6892000.0,4.3,3,M,Men,2025-11-13T10:43:10.823742
T-shirt 8,7802560.0,3.1,3,L,Women,2025-11-13T10:43:10.823742
Hoodie 9,3972160.0,3.2,3,XL,Unisex,2025-11-13T10:43:10.823742
Pants 10,3100160.0,4.2,3,XXL,Men,2025-11-13T10:43:10.823742
Jacket 12,8527840.0,3.9,3,M,Unisex,2025-11-13T10:43:10.823742
Crewneck 13,5447200.0,3.2,3,L,Men,2025-11-13T10:43:10.823742
T-shirt 14,3248800.0,3.8,3,XL,Women,2025-11-13T10:43:10.823742
Hoodie 15,2184160.0,3.6,3,XXL,Unisex,2025-11-13T10:43:10.823742
Outerwear 17,841600.0,3.8,3,M,Women,2025-11-13T10:43:10.823742
Jacket 18,5500000.0,3.8,3,L,Unisex,2025-11-13T10:43:10.823742
Crewneck 19,1308960.0,3.6,3,XL,Men,2025-11-13T10:43:10.823742
T-shirt 20,1325600.0,3.4,3,XXL,Women,2025-11-13T10:43:10.823742
T-shirt 2,1634400.0,3.9,3,M,Women,2025-11-13T10:43:13.429512
Hoodie 3,7950080.0,4.8,3,L,Unisex,2025-11-13T10:43:13.429512
Pants 4,7476960.0,3.3,3,XL,Men,2025-11-13T10:43:13.429512
Outerwear 5,5145440.0,3.5,3,XXL,Women,2025-11-13T10:43:13.429512
Jacket 6,2453920.0,3.3,3,S,Unisex,2025-11-13T10:43:13.429512
Crewneck 7,6892000.0,4.3,3,M,Men,2025-11-13T10:43:13.429512
T-shirt 8,7802560.0,3.1,3,L,Women,2025-11-13T10:43:13.432917
Hoodie 9,3972160.0,3.2,3,XL,Unisex,2025-11-13T10:43:13.432917
Pants 10,3100160.0,4.2,3,XXL,Men,2025-11-13T10:43:13.432917
Jacket 12,8527840.0,3.9,3,M,Unisex,2025-11-13T10:43:13.432917
Crewneck 13,5447200.0,3.2,3,L,Men,2025-11-13T10:43:13.432917
T-shirt 14,3248800.0,3.8,3,XL,Women,2025-11-13T10:43:13.432917
Hoodie 15,2184160.0,3.6,3,XXL,Unisex,2025-11-13T10:43:13.432917
Outerwear 17,841600.0,3.8,3,M,Women,2025-11-13T10:43:13.432917
Jacket 18,5500000.0,3.8,3,L,Unisex,2025-11-13T10:43:13.432917
Crewneck 19,1308960.0,3.6,3,XL,Men,2025-11-13T10:43:13.432917
T-shirt 20,1325600.0,3.4,3,XXL,Women,2025-11-13T10:43:13.432917
T-shirt 2,1634400.0,3.9,3,M,Women,2025-11-13T10:43:16.868272
Hoodie 3,7950080.0,4.8,3,L,Unisex,2025-11-13T10:43:16.868272
Pants 4,7476960.0,3.3,3,XL,Men,2025-11-13T10:43:16.868272
Outerwear 5,5145440.0,3.5,3,XXL,Women,2025-11-13T10:43:16.868272
Jacket 6,2453920.0,3.3,3,S,Unisex,2025-11-13T10:43:16.868272
Crewneck 7,6892000.0,4.3,3,M,Men,2025-11-13T10:43:16.868272
T-shirt 8,7802560.0,3.1,3,L,Women,2025-11-13T10:43:16.868272
Hoodie 9,3972160.0,3.2,3,XL,Unisex,2025-11-13T10:43:16.868272
Pants 10,3100160.0,4.2,3,XXL,Men,2025-11-13T10:43:16.868272
Jacket 12,8527840.0,3.9,3,M,Unisex,2025-11-13T10:43:16.868272
Crewneck 13,5447200.0,3.2,3,L,Men,2025-11-13T10:43:16.868272
T-shirt 14,3248800.0,3.8,3,XL,Women,2025-11-13T10:43:16.868272
Hoodie 15,2184160.0,3.6,3,XXL,Unisex,2025-11-13T10:43:16.868272
Outerwear 17,841600.0,3.8,3,M,Women,2025-11-13T10:43:16.868272
Jacket 18,5500000.0,3.8,3,L,Unisex,2025-11-13T10:43:16.868272
Crewneck 19,1308960.0,3.6,3,XL,Men,2025-11-13T10:43:16.868272
T-shirt 20,1325600.0,3.4,3,XXL,Women,2025-11-13T10:43:16.868272
T-shirt 2,1634400.0,3.9,3,M,Women,2025-11-13T10:43:20.863680
Hoodie 3,7950080.0,4.8,3,L,Unisex,2025-11-13T10:43:20.863680
Pants 4,7476960.0,3.3,3,XL,Men,2025-11-13T10:43:20.863680
Outerwear 5,5145440.0,3.5,3,XXL,Women,2025-11-13T10:43:20.863680
Jacket 6,2453920.0,3.3,3,S,Unisex,2025-11-13T10:43:20.863680
Crewneck 7,6892000.0,4.3,3,M,Men,2025-11-13T10:43:20.863680
T-shirt 8,7802560.0,3.1,3,L,Women,2025-11-13T10:43:20.863680
Hoodie 9,3972160.0,3.2,3,XL,Unisex,2025-11-13T10:43:20.863680
Pants 10,3100160.0,4.2,3,XXL,Men,2025-11-13T10:43:20.863680
Jacket 12,8527840.0,3.9,3,M,Unisex,2025-11-13T10:43:20.872078
Crewneck 13,5447200.0,3.2,3,L,Men,2025-11-13T10:43:20.872078
T-shirt 14,3248800.0,3.8,3,XL,Women,2025-11-13T10:43:20.872078
Hoodie 15,2184160.0,3.6,3,XXL,Unisex,2025-11-13T10:43:20.872078
Outerwear 17,841600.0,3.8,3,M,Women,2025-11-13T10:43:20.872078
Jacket 18,5500000.0,3.8,3,L,Unisex,2025-11-13T10:43:20.872078
Crewneck 19,1308960.0,3.6,3,XL,Men,2025-11-13T10:43:20.872078
T-shirt 20,1325600.0,3.4,3,XXL,Women,2025-11-13T10:43:20.872078
T-shirt 2,1634400.0,3.9,3,M,Women,2025-11-13T10:43:24.703866
Hoodie 3,7950080.0,4.8,3,L,Unisex,2025-11-13T10:43:24.703866
Pants 4,7476960.0,3.3,3,XL,Men,2025-11-13T10:43:24.703866
Outerwear 5,5145440.0,3.5,3,XXL,Women,2025-11-13T10:43:24.703866
Jacket 6,2453920.0,3.3,3,S,Unisex,2025-11-13T10:43:24.703866
Crewneck 7,6892000.0,4.3,3,M,Men,2025-11-13T10:43:24.703866
T-shirt 8,7802560.0,3.1,3,L,Women,2025-11-13T10:43:24.703866
Hoodie 9,3972160.0,3.2,3,XL,Unisex,2025-11-13T10:43:24.703866
Pants 10,3100160.0,4.2,3,XXL,Men,2025-11-13T10:43:24.703866
Jacket 12,8527840.0,3.9,3,M,Unisex,2025-11-13T10:43:24.703866
Crewneck 13,5447200.0,3.2,3,L,Men,2025-11-13T10:43:24.703866
T-shirt 14,3248800.0,3.8,3,XL,Women,2025-11-13T10:43:24.703866
Hoodie 15,2184160.0,3.6,3,XXL,Unisex,2025-11-13T10:43:24.703866
Outerwear 17,841600.0,3.8,3,M,Women,2025-11-13T10:43:24.703866
Jacket 18,5500000.0,3.8,3,L,Unisex,2025-11-13T10:43:24.703866
Crewneck 19,1308960.0,3.6,3,XL,Men,2025-11-13T10:43:24.703866
T-shirt 20,1325600.0,3.4,3,XXL,Women,2025-11-13T10:43:24.703866
T-shirt 2,1634400.0,3.9,3,M,Women,2025-11-13T10:43:28.728137
Hoodie 3,7950080.0,4.8,3,L,Unisex,2025-11-13T10:43:28.728137
Pants 4,7476960.0,3.3,3,XL,Men,2025-11-13T10:43:28.728137
Outerwear 5,5145440.0,3.5,3,XXL,Women,2025-11-13T10:43:28.728137
Jacket 6,2453920.0,3.3,3,S,Unisex,2025-11-13T10:43:28.728137
Crewneck 7,6892000.0,4.3,3,M,Men,2025-11-13T10:43:28.728137
T-shirt 8,7802560.0,3.1,3,L,Women,2025-11-13T10:43:28.728137
Hoodie 9,3972160.0,3.2,3,XL,Unisex,2025-11-13T10:43:28.728137
Pants 10,3100160.0,4.2,3,XXL,Men,2025-11-13T10:43:28.728137
Jacket 12,8527840.0,3.9,3,M,Unisex,2025-11-13T10:43:28.728137
Crewneck 13,5447200.0,3.2,3,L,Men,2025-11-13T10:43:28.728137
T-shirt 14,3248800.0,3.8,3,XL,Women,2025-11-13T10:43:28.728137
Hoodie 15,2184160.0,3.6,3,XXL,Unisex,2025-11-13T10:43:28.728137
Outerwear 17,841600.0,3.8,3,M,Women,2025-11-13T10:43:28.728137
Jacket 18,5500000.0,3.8,3,L,Unisex,2025-11-13T10:43:28.728137
Crewneck 19,1308960.0,3.6,3,XL,Men,2025-11-13T10:43:28.728137
T-shirt 20,1325600.0,3.4,3,XXL,Women,2025-11-13T10:43:28.728137
T-shirt 2,1634400.0,3.9,3,M,Women,2025-11-13T10:43:31.167729
Hoodie 3,7950080.0,4.8,3,L,Unisex,2025-11-13T10:43:31.167729
Pants 4,7476960.0,3.3,3,XL,Men,2025-11-13T10:43:31.167729
Outerwear 5,5145440.0,3.5,3,XXL,Women,2025-11-13T10:43:31.167729
Jacket 6,2453920.0,3.3,3,S,Unisex,2025-11-13T10:43:31.167729
Crewneck 7,6892000.0,4.3,3,M,Men,2025-11-13T10:43:31.167729
T-shirt 8,7802560.0,3.1,3,L,Women,2025-11-13T10:43:31.167729
Hoodie 9,3972160.0,3.2,3,XL,Unisex,2025-11-13T10:43:31.167729
Pants 10,3100160.0,4.2,3,XXL,Men,2025-11-13T10:43:31.167729
Jacket 12,8527840.0,3.9,3,M,Unisex,2025-11-13T10:43:31.167729
Crewneck 13,5447200.0,3.2,3,L,Men,2025-11-13T10:43:31.167729
T-shirt 14,3248800.0,3.8,3,XL,Women,2025-11-13T10:43:31.167729
Hoodie 15,2184160.0,3.6,3,XXL,Unisex,2025-11-13T10:43:31.167729
Outerwear 17,841600.0,3.8,3,M,Women,2025-11-13T10:43:31.167729
Jacket 18,5500000.0,3.8,3,L,Unisex,2025-11-13T10:43:31.167729
Crewneck 19,1308960.0,3.6,3,XL,Men,2025-11-13T10:43:31.167729
T-shirt 20,1325600.0,3.4,3,XXL,Women,2025-11-13T10:43:31.167729
T-shirt 2,1634400.0,3.9,3,M,Women,2025-11-13T10:43:33.816903
Hoodie 3,7950080.0,4.8,3,L,Unisex,2025-11-13T10:43:33.816903
Pants 4,7476960.0,3.3,3,XL,Men,2025-11-13T10:43:33.816903
Outerwear 5,5145440.0,3.5,3,XXL,Women,2025-11-13T10:43:33.816903
Jacket 6,2453920.0,3.3,3,S,Unisex,2025-11-13T10:43:33.816903
Crewneck 7,6892000.0,4.3,3,M,Men,2025-11-13T10:43:33.816903
T-shirt 8,7802560.0,3.1,3,L,Women,2025-11-13T10:43:33.816903
Hoodie 9,3972160.0,3.2,3,XL,Unisex,2025-11-13T10:43:33.816903
Pants 10,3100160.0,4.2,3,XXL,Men,2025-11-13T10:43:33.816903
Jacket 12,8527840.0,3.9,3,M,Unisex,2025-11-13T10:43:33.816903
Crewneck 13,5447200.0,3.2,3,L,Men,2025-11-13T10:43:33.816903
T-shirt 14,3248800.0,3.8,3,XL,Women,2025-11-13T10:43:33.816903
Hoodie 15,2184160.0,3.6,3,XXL,Unisex,2025-11-13T10:43:33.816903
Outerwear 17,841600.0,3.8,3,M,Women,2025-11-13T10:43:33.816903
Jacket 18,5500000.0,3.8,3,L,Unisex,2025-11-13T10:43:33.816903
Crewneck 19,1308960.0,3.6,3,XL,Men,2025-11-13T10:43:33.816903
T-shirt 20,1325600.0,3.4,3,XXL,Women,2025-11-13T10:43:33.816903
T-shirt 2,1634400.0,3.9,3,M,Women,2025-11-13T10:43:37.407958
Hoodie 3,7950080.0,4.8,3,L,Unisex,2025-11-13T10:43:37.407958
Pants 4,7476960.0,3.3,3,XL,Men,2025-11-13T10:43:37.407958
Outerwear 5,5145440.0,3.5,3,XXL,Women,2025-11-13T10:43:37.407958
Jacket 6,2453920.0,3.3,3,S,Unisex,2025-11-13T10:43:37.407958
Crewneck 7,6892000.0,4.3,3,M,Men,2025-11-13T10:43:37.407958
T-shirt 8,7802560.0,3.1,3,L,Women,2025-11-13T10:43:37.407958
Hoodie 9,3972160.0,3.2,3,XL,Unisex,2025-11-13T10:43:37.407958
Pants 10,3100160.0,4.2,3,XXL,Men,2025-11-13T10:43:37.407958
Jacket 12,8527840.0,3.9,3,M,Unisex,2025-11-13T10:43:37.407958
Crewneck 13,5447200.0,3.2,3,L,Men,2025-11-13T10:43:37.407958
T-shirt 14,3248800.0,3.8,3,XL,Women,2025-11-13T10:43:37.415565
Hoodie 15,2184160.0,3.6,3,XXL,Unisex,2025-11-13T10:43:37.415565
Outerwear 17,841600.0,3.8,3,M,Women,2025-11-13T10:43:37.415966
Jacket 18,5500000.0,3.8,3,L,Unisex,2025-11-13T10:43:37.415966
Crewneck 19,1308960.0,3.6,3,XL,Men,2025-11-13T10:43:37.415966
T-shirt 20,1325600.0,3.4,3,XXL,Women,2025-11-13T10:43:37.415966
T-shirt 2,1634400.0,3.9,3,M,Women,2025-11-13T10:43:40.962918
Hoodie 3,7950080.0,4.8,3,L,Unisex,2025-11-13T10:43:40.962918
Pants 4,7476960.0,3.3,3,XL,Men,2025-11-13T10:43:40.962918
Outerwear 5,5145440.0,3.5,3,XXL,Women,2025-11-13T10:43:40.962918
Jacket 6,2453920.0,3.3,3,S,Unisex,2025-11-13T10:43:40.962918
Crewneck 7,6892000.0,4.3,3,M,Men,2025-11-13T10:43:40.962918
T-shirt 8,7802560.0,3.1,3,L,Women,2025-11-13T10:43:40.962918
Hoodie 9,3972160.0,3.2,3,XL,Unisex,2025-11-13T10:43:40.962918
Pants 10,3100160.0,4.2,3,XXL,Men,2025-11-13T10:43:40.962918
Jacket 12,8527840.0,3.9,3,M,Unisex,2025-11-13T10:43:40.962918
Crewneck 13,5447200.0,3.2,3,L,Men,2025-11-13T10:43:40.962918
T-shirt 14,3248800.0,3.8,3,XL,Women,2025-11-13T10:43:40.962918
Hoodie 15,2184160.0,3.6,3,XXL,Unisex,2025-11-13T10:43:40.962918
Outerwear 17,841600.0,3.8,3,M,Women,2025-11-13T10:43:40.962918
Jacket 18,5500000.0,3.8,3,L,Unisex,2025-11-13T10:43:40.962918
Crewneck 19,1308960.0,3.6,3,XL,Men,2025-11-13T10:43:40.970701
T-shirt 20,1325600.0,3.4,3,XXL,Women,2025-11-13T10:43:40.970701
T-shirt 2,1634400.0,3.9,3,M,Women,2025-11-13T10:43:44.679670
Hoodie 3,7950080.0,4.8,3,L,Unisex,2025-11-13T10:43:44.679670
Pants 4,7476960.0,3.3,3,XL,Men,2025-11-13T10:43:44.679670
Outerwear 5,5145440.0,3.5,3,XXL,Women,2025-11-13T10:43:44.679670
Jacket 6,2453920.0,3.3,3,S,Unisex,2025-11-13T10:43:44.679670
Crewneck 7,6892000.0,4.3,3,M,Men,2025-11-13T10:43:44.679670
T-shirt 8,7802560.0,3.1,3,L,Women,2025-11-13T10:43:44.679670
Hoodie 9,3972160.0,3.2,3,XL,Unisex,2025-11-13T10:43:44.679670
Pants 10,3100160.0,4.2,3,XXL,Men,2025-11-13T10:43:44.679670
Jacket 12,8527840.0,3.9,3,M,Unisex,2025-11-13T10:43:44.679670
Crewneck 13,5447200.0,3.2,3,L,Men,2025-11-13T10:43:44.679670
T-shirt 14,3248800.0,3.8,3,XL,Women,2025-11-13T10:43:44.679670
Hoodie 15,2184160.0,3.6,3,XXL,Unisex,2025-11-13T10:43:44.681677
Outerwear 17,841600.0,3.8,3,M,Women,2025-11-13T10:43:44.681677
Jacket 18,5500000.0,3.8,3,L,Unisex,2025-11-13T10:43:44.681677
Crewneck 19,1308960.0,3.6,3,XL,Men,2025-11-13T10:43:44.681677
T-shirt 20,1325600.0,3.4,3,XXL,Women,2025-11-13T10:43:44.681677
T-shirt 2,1634400.0,3.9,3,M,Women,2025-11-13T10:43:47.089338
Hoodie 3,7950080.0,4.8,3,L,Unisex,2025-11-13T10:43:47.089338
Pants 4,7476960.0,3.3,3,XL,Men,2025-11-13T10:43:47.089338
Outerwear 5,5145440.0,3.5,3,XXL,Women,2025-11-13T10:43:47.089338
Jacket 6,2453920.0,3.3,3,S,Unisex,2025-11-13T10:43:47.089338
Crewneck 7,6892000.0,4.3,3,M,Men,2025-11-13T10:43:47.089338
T-shirt 8,7802560.0,3.1,3,L,Women,2025-11-13T10:43:47.089338
Hoodie 9,3972160.0,3.2,3,XL,Unisex,2025-11-13T10:43:47.089338
Pants 10,3100160.0,4.2,3,XXL,Men,2025-11-13T10:43:47.089338
Jacket 12,8527840.0,3.9,3,M,Unisex,2025-11-13T10:43:47.095458
Crewneck 13,5447200.0,3.2,3,L,Men,2025-11-13T10:43:47.095458
T-shirt 14,3248800.0,3.8,3,XL,Women,2025-11-13T10:43:47.095458
Hoodie 15,2184160.0,3.6,3,XXL,Unisex,2025-11-13T10:43:47.095458
Outerwear 17,841600.0,3.8,3,M,Women,2025-11-13T10:43:47.095458
Jacket 18,5500000.0,3.8,3,L,Unisex,2025-11-13T10:43:47.095458
Crewneck 19,1308960.0,3.6,3,XL,Men,2025-11-13T10:43:47.095458
T-shirt 20,1325600.0,3.4,3,XXL,Women,2025-11-13T10:43:47.095458
T-shirt 2,1634400.0,3.9,3,M,Women,2025-11-13T10:43:50.867339
Hoodie 3,7950080.0,4.8,3,L,Unisex,2025-11-13T10:43:50.867339
Pants 4,7476960.0,3.3,3,XL,Men,2025-11-13T10:43:50.869354
Outerwear 5,5145440.0,3.5,3,XXL,Women,2025-11-13T10:43:50.869354
Jacket 6,2453920.0,3.3,3,S,Unisex,2025-11-13T10:43:50.869354
Crewneck 7,6892000.0,4.3,3,M,Men,2025-11-13T10:43:50.869354
T-shirt 8,7802560.0,3.1,3,L,Women,2025-11-13T10:43:50.869354
Hoodie 9,3972160.0,3.2,3,XL,Unisex,2025-11-13T10:43:50.869354
Pants 10,3100160.0,4.2,3,XXL,Men,2025-11-13T10:43:50.871375
Jacket 12,8527840.0,3.9,3,M,Unisex,2025-11-13T10:43:50.871375
Crewneck 13,5447200.0,3.2,3,L,Men,2025-11-13T10:43:50.871375
T-shirt 14,3248800.0,3.8,3,XL,Women,2025-11-13T10:43:50.871375
Hoodie 15,2184160.0,3.6,3,XXL,Unisex,2025-11-13T10:43:50.873135
Outerwear 17,841600.0,3.8,3,M,Women,2025-11-13T10:43:50.873135
Jacket 18,5500000.0,3.8,3,L,Unisex,2025-11-13T10:43:50.873135
Crewneck 19,1308960.0,3.6,3,XL,Men,2025-11-13T10:43:50.873135
T-shirt 20,1325600.0,3.4,3,XXL,Women,2025-11-13T10:43:50.873135
T-shirt 2,1634400.0,3.9,3,M,Women,2025-11-13T10:43:53.075657
Hoodie 3,7950080.0,4.8,3,L,Unisex,2025-11-13T10:43:53.075657
Pants 4,7476960.0,3.3,3,XL,Men,2025-11-13T10:43:53.075657
Outerwear 5,5145440.0,3.5,3,XXL,Women,2025-11-13T10:43:53.075657
Jacket 6,2453920.0,3.3,3,S,Unisex,2025-11-13T10:43:53.075657
Crewneck 7,6892000.0,4.3,3,M,Men,2025-11-13T10:43:53.075657
T-shirt 8,7802560.0,3.1,3,L,Women,2025-11-13T10:43:53.075657
Hoodie 9,3972160.0,3.2,3,XL,Unisex,2025-11-13T10:43:53.075657
Pants 10,3100160.0,4.2,3,XXL,Men,2025-11-13T10:43:53.075657
Jacket 12,8527840.0,3.9,3,M,Unisex,2025-11-13T10:43:53.075657
Crewneck 13,5447200.0,3.2,3,L,Men,2025-11-13T10:43:53.075657
T-shirt 14,3248800.0,3.8,3,XL,Women,2025-11-13T10:43:53.075657
Hoodie 15,2184160.0,3.6,3,XXL,Unisex,2025-11-13T10:43:53.075657
Outerwear 17,841600.0,3.8,3,M,Women,2025-11-13T10:43:53.075657
Jacket 18,5500000.0,3.8,3,L,Unisex,2025-11-13T10:43:53.075657
Crewneck 19,1308960.0,3.6,3,XL,Men,2025-11-13T10:43:53.075657
T-shirt 20,1325600.0,3.4,3,XXL,Women,2025-11-13T10:43:53.083699
T-shirt 2,1634400.0,3.9,3,M,Women,2025-11-13T10:43:55.290158
Hoodie 3,7950080.0,4.8,3,L,Unisex,2025-11-13T10:43:55.290158
Pants 4,7476960.0,3.3,3,XL,Men,2025-11-13T10:43:55.290158
Outerwear 5,5145440.0,3.5,3,XXL,Women,2025-11-13T10:43:55.290158
Jacket 6,2453920.0,3.3,3,S,Unisex,2025-11-13T10:43:55.290158
Crewneck 7,6892000.0,4.3,3,M,Men,2025-11-13T10:43:55.290158
T-shirt 8,7802560.0,3.1,3,L,Women,2025-11-13T10:43:55.290158
Hoodie 9,3972160.0,3.2,3,XL,Unisex,2025-11-13T10:43:55.294027
Pants 10,3100160.0,4.2,3,XXL,Men,2025-11-13T10:43:55.294340
Jacket 12,8527840.0,3.9,3,M,Unisex,2025-11-13T10:43:55.294340
Crewneck 13,5447200.0,3.2,3,L,Men,2025-11-13T10:43:55.294340
T-shirt 14,3248800.0,3.8,3,XL,Women,2025-11-13T10:43:55.294340
Hoodie 15,2184160.0,3.6,3,XXL,Unisex,2025-11-13T10:43:55.294340
Outerwear 17,841600.0,3.8,3,M,Women,2025-11-13T10:43:55.294340
Jacket 18,5500000.0,3.8,3,L,Unisex,2025-11-13T10:43:55.294340
Crewneck 19,1308960.0,3.6,3,XL,Men,2025-11-13T10:43:55.294340
T-shirt 20,1325600.0,3.4,3,XXL,Women,2025-11-13T10:43:55.294340
T-shirt 2,1634400.0,3.9,3,M,Women,2025-11-13T10:43:57.280591
Hoodie 3,7950080.0,4.8,3,L,Unisex,2025-11-13T10:43:57.280591
Pants 4,7476960.0,3.3,3,XL,Men,2025-11-13T10:43:57.280591
Outerwear 5,5145440.0,3.5,3,XXL,Women,2025-11-13T10:43:57.280591
Jacket 6,2453920.0,3.3,3,S,Unisex,2025-11-13T10:43:57.280591
Crewneck 7,6892000.0,4.3,3,M,Men,2025-11-13T10:43:57.280591
T-shirt 8,7802560.0,3.1,3,L,Women,2025-11-13T10:43:57.280591
Hoodie 9,3972160.0,3.2,3,XL,Unisex,2025-11-13T10:43:57.287945
Pants 10,3100160.0,4.2,3,XXL,Men,2025-11-13T10:43:57.288365
Jacket 12,8527840.0,3.9,3,M,Unisex,2025-11-13T10:43:57.288365
Crewneck 13,5447200.0,3.2,3,L,Men,2025-11-13T10:43:57.288365
T-shirt 14,3248800.0,3.8,3,XL,Women,2025-11-13T10:43:57.288365
Hoodie 15,2184160.0,3.6,3,XXL,Unisex,2025-11-13T10:43:57.288365
Outerwear 17,841600.0,3.8,3,M,Women,2025-11-13T10:43:57.288365
Jacket 18,5500000.0,3.8,3,L,Unisex,2025-11-13T10:43:57.288365
Crewneck 19,1308960.0,3.6,3,XL,Men,2025-11-13T10:43:57.288365
T-shirt 20,1325600.0,3.4,3,XXL,Women,2025-11-13T10:43:57.288365
T-shirt 2,1634400.0,3.9,3,M,Women,2025-11-13T10:44:00.664542
Hoodie 3,7950080.0,4.8,3,L,Unisex,2025-11-13T10:44:00.664542
Pants 4,7476960.0,3.3,3,XL,Men,2025-11-13T10:44:00.664542
Outerwear 5,5145440.0,3.5,3,XXL,Women,2025-11-13T10:44:00.664542
Jacket 6,2453920.0,3.3,3,S,Unisex,2025-11-13T10:44:00.664542
Crewneck 7,6892000.0,4.3,3,M,Men,2025-11-13T10:44:00.664542
T-shirt 8,7802560.0,3.1,3,L,Women,2025-11-13T10:44:00.664542
Hoodie 9,3972160.0,3.2,3,XL,Unisex,2025-11-13T10:44:00.664542
Pants 10,3100160.0,4.2,3,XXL,Men,2025-11-13T10:44:00.664542
Jacket 12,8527840.0,3.9,3,M,Unisex,2025-11-13T10:44:00.664542
Crewneck 13,5447200.0,3.2,3,L,Men,2025-11-13T10:44:00.664542
T-shirt 14,3248800.0,3.8,3,XL,Women,2025-11-13T10:44:00.664542
Hoodie 15,2184160.0,3.6,3,XXL,Unisex,2025-11-13T10:44:00.664542
Outerwear 17,841600.0,3.8,3,M,Women,2025-11-13T10:44:00.664542
Jacket 18,5500000.0,3.8,3,L,Unisex,2025-11-13T10:44:00.664542
Crewneck 19,1308960.0,3.6,3,XL,Men,2025-11-13T10:44:00.664542
T-shirt 20,1325600.0,3.4,3,XXL,Women,2025-11-13T10:44:00.664542
T-shirt 2,1634400.0,3.9,3,M,Women,2025-11-13T10:44:03.786938
Hoodie 3,7950080.0,4.8,3,L,Unisex,2025-11-13T10:44:03.786938
Pants 4,7476960.0,3.3,3,XL,Men,2025-11-13T10:44:03.786938
Outerwear 5,5145440.0,3.5,3,XXL,Women,2025-11-13T10:44:03.786938
Jacket 6,2453920.0,3.3,3,S,Unisex,2025-11-13T10:44:03.786938
Crewneck 7,6892000.0,4.3,3,M,Men,2025-11-13T10:44:03.786938
T-shirt 8,7802560.0,3.1,3,L,Women,2025-11-13T10:44:03.788951
Hoodie 9,3972160.0,3.2,3,XL,Unisex,2025-11-13T10:44:03.789449
Pants 10,3100160.0,4.2,3,XXL,Men,2025-11-13T10:44:03.789449
Jacket 12,8527840.0,3.9,3,M,Unisex,2025-11-13T10:44:03.789449
Crewneck 13,5447200.0,3.2,3,L,Men,2025-11-13T10:44:03.789449
T-shirt 14,3248800.0,3.8,3,XL,Women,2025-11-13T10:44:03.789449
Hoodie 15,2184160.0,3.6,3,XXL,Unisex,2025-11-13T10:44:03.789449
Outerwear 17,841600.0,3.8,3,M,Women,2025-11-13T10:44:03.789449
Jacket 18,5500000.0,3.8,3,L,Unisex,2025-11-13T10:44:03.789449
Crewneck 19,1308960.0,3.6,3,XL,Men,2025-11-13T10:44:03.789449
T-shirt 20,1325600.0,3.4,3,XXL,Women,2025-11-13T10:44:03.789449
